# OWASP ZAP rule configuration: <rule id><TAB><IGNORE|WARN|FAIL><TAB><reason>
# FAIL = the CI build goes red. Rules not listed use ZAP's default (WARN).
# Injection
40018	FAIL	SQL Injection
40019	FAIL	SQL Injection - MySQL
40022	FAIL	SQL Injection - PostgreSQL
40024	FAIL	SQL Injection - SQLite
90021	FAIL	XPath Injection
90020	FAIL	Remote OS Command Injection
90019	FAIL	Server Side Code Injection
90035	FAIL	Server Side Template Injection
40012	FAIL	Cross Site Scripting (Reflected)
40014	FAIL	Cross Site Scripting (Persistent)
6	FAIL	Path Traversal
7	FAIL	Remote File Inclusion
90023	FAIL	XML External Entity Attack
# Information exposure
90022	FAIL	Application Error Disclosure (stack traces)
10023	FAIL	Information Disclosure - Debug Error Messages
10037	FAIL	Server Leaks Information via X-Powered-By
# Security headers (the API sets them, so their absence is a regression)
10020	FAIL	Missing Anti-clickjacking Header
10021	FAIL	X-Content-Type-Options Header Missing
10038	FAIL	Content Security Policy Header Not Set
# Not applicable to a JSON API served over HTTP inside CI
10035	IGNORE	Strict-Transport-Security: TLS is terminated by the load balancer in production
10049	IGNORE	Storable and Cacheable Content: informational
10104	IGNORE	User Agent Fuzzer: informational
40026	IGNORE	DOM Based XSS: needs a real browser inside ZAP (hangs on Apple Silicon Docker); the API returns JSON, there is no DOM to attack
